Features,Linear Regression,Lasso,Ridge,SVR,Tree,Mean
AAPL Close,0.962657162370573,0.99938291972636,0.962451242652738,0.85802148939455,0.995270783757151,0.955556719580274
USD Exchange,0.286196434053787,0,0.281771233426063,0.0035933300341032,0.000111511157035406,0.114334501734198
AAPL Price to Share Ratio,0.160489621420034,0,0.159991421377028,0.039639726153106,0.0000122848172749916,0.0720266107534887
Consumer Confidence Index (US),0.164370183538978,0,0.163990748047292,0.000947582195075552,0.00025228594631873,0.0659121599455328
AAPL Open,0.036739915454227,0.0000326555083860528,0.0369471970827909,0.141326080655128,0.0041138204605551,0.0438319338322173
US Interest Rates,0.0330733421121698,0,0.0322004955562115,0.0225505139140924,0.0000204395294556257,0.0175689582223859
AAPL Earnings Per Share,0.0397934182637405,0,0.0394761686449334,0.00785356465071753,0.0000229691630973729,0.0174292241444978
AAPL Sales Per Share,0.0101553570662705,0,0.0101699510638672,0.00227725944603326,0.00000521004590814332,0.00452155552441582
OIL,0.00421567774309945,0,0.00417776444048517,0.000614220067165465,0.000190695123203498,0.00183967147479072
